1;Lorem ipsum dolor sit amet, steht für Blindtext welcher verwendet wird um Textfelder im Design zu prüfen ohne das der Inhalt von der eigentlichen Aufgabe ablenkt?;Ja
1;Alle meine Entchen schwimmen ...?;auf dem See;
1;Bier her, Bier her, oder ...?;ich fall um;
1;Der Mai ist gekommen, die Bäume schlagen ...?;aus;
1;Hoppe, Hoppe Reiter, wenn er fällt, dann ...?;schreit er;
1;Last, but not ...?;least;
1;Muss i´denn, muss i´denn ...?;zum Städtele hinaus;
1;Schwarzbraun ist die ..?;Haselnuss;
1;Das Startkommando bei einem Sprint lautet: Auf die Plätze, fertig, ...?;los  ;
1;Der amerikanische Präsident stammt in der Regel aus den Reihen der Demokraten oder der ...?;Republikaner;
1;Die Zeichentrickfiguren Tom und Jerry sind ...?;Katze und Maus;
1;Es wird kein Nobelpreis vergeben für ...?;Wettervorhersagen;
1;Etwas Unsinniges ist ...? ;Humbug;
1;In der deutschen Nationalhymne heißt es :Einigkeit und Recht und ...?;Freiheit;
1;In welcher Stadt leben Micky Maus und Donald Duck?;Entenhausen;
1;Mit einem Besen wird ...?;gefegt;
1;Mit welchem griechischen Wort wird das Weltall bezeichnet?;Kosmos;
1;Mit welchen Worten bekunden Franzosen starke Zuneigung?;je t´aime;
1;Wann steht der große Zeiger einer Uhr auf der 12?;zur vollen Stunde;
1;Was bezeichnet man im Sport als Kontrahenten?;Gegner;
1;Was fällt nicht unter den Oberbegriff Handarbeit?;prügeln;
1;Was fällt nicht weit vom Stamm?;Apfel;
1;Was gehört zur Grundausstattung für den Mathematikunterricht?;Taschenrechner;
1;Was gibt man bei der Bundestagswahl ab?;Stimme;
1;Was hat Björn Borg fünf mal hintereinander gewonnen?;Wimbledon;
1;Was ist auf der Ein-Dollar-Banknoten der USA abgebildet?;George Washington;
1;Was ist der ADAC?;Automobilclub;
1;Was ist der schwarze Kontinent?;Afrika;
1;Was ist die Heilige Schrift der Christen?;Bibel;
1;Was ist die Touristenattraktion von Pisa?;schiefer Turm;
1;Was ist ein Kabeljau?;Speisefisch;
1;Was muß man frankieren?;Brief;
1;Was rutscht den Hang hinunter und begräbt ganze Dörfer?;Lawine;
1;Was steht im Mittelpunkt der Großen Moschee in Mekka?;Kaaba;
1;Was verkauft ein Juwelier?;Schmuck;
1; Was wird auf einem Lottoschein angekreuzt? ;Zahlen;
1;Was wird in Volt gemessen?;elektrische Spannung;
1;Welche alte ostasiatische Kampfsportart perfektionierte Bruce Lee?;Kung Fu;
1;Welche bekannte Illustrierte aus Hamburg erscheint jeden Donnerstag?;Stern;
1;Welche dieser Nüsse kann man nicht essen?;Kopfnuss;
1;Welche Säge kann man nicht im Baumarkt kaufen?;Nervensäge;
1;Welche Sportart wird auch Pingpong genannt?;Tischtennis;
1;Welche Wetterlage herrscht fast immer über den Azoren?;Hoch;
1;Welcher Begriff steht für einen Kuchen mit Mandelmasse?;Bienenstich;
1;Welcher der folgenden Begriffe bezeichnet kein Tier?;Laufmasche;
1;Welcher dieser Kleinwagen wurde in der DDR gebaut?;Trabant;
1;Welcher Finger gehört nicht an die Hand, sondern ins Gefängnis?;Langfinger;
1;Welcher Handwerker kommt drei Wochen später als vereinbart und macht dann den Abfluss frei?;Klempner;
1;Welcher Kobold haust in der Werkstatt von Meister Eder?;Pumuckl;
1;Welcher Niederschlag gilt als Hauptursache für das Waldsterben?;saurer Regen;
1;Welcher Straßenabschnitt führt direkt auf die Autobahn?;Beschleunigungsspur;
1;Welcher Zahn zählt nicht zum menschlichen Gebiss?;Stoßzahn;
1;Welches Tier hat man bissweilen im Hals?;Frosch;
1;Welches dieser Lebewesen wird von der Holzindustrie genutzt?;Baum;
1;Welches Instrument wird auch Piano genannt?;Klavier;
1;Welches Wort bedeutet sowohl Sitzgelegenheit als auch Kreditinstitut?;Bank;
1;Wen oder was soll man nicht vor dem Abend loben?;Tag;
1;Wenn man eine brenzlige Situation bewältigt, dann holt man sprichwörtlich die Kastanien aus dem ...?;Feuer;
1;Wer bildete mit Oliver Hardy eines der erfolgreichsten Komikerduos der Welt?;Stan Laurel;
1;Wer gehörte nicht zu den Beatles?;Cliff Richard;
1;Wer haust in einem echten Loch?;Nessie;
1;Wer ist Deuteschlands Fußball-Kaiser?;Franz Beckenbauer;
1;Wer rutscht den Hang hinunter und begräbt ganze Dörfer?;Lawine;
1;Wer schoss nicht den Vogel, sondern den Apfel ab?;Wilhelm Tell;
1;Wer spinnt nach Obelix´ Meinung?;Römer;
1;Wer übt keinen handwerklichen Beruf aus?;Pfarrer;
1;Wer wurde von den eigenen Eltern im Wald ausgesetzt?;Hänsel und Gretel;
1;Wie bezeichnet man den Betrag, den man für die Beförderung eines Briefes zu entrichten hat?;Porto;
1;Wie heißt das männliche Pendant der Krankenschwester?;Krankenpfleger;
1;Wie heißt der beste Freund des dicken Galliers Obelix?;Asterix;
1;Wie heißt der ostfriesische Komiker Otto mit Nachnamen?;Waalkes;
1;Wie heißt der schläfrige,verfressene und nuschelnde Freund der Biene Maja?;Willi;
1;Wie heißt die schrecklich nette Familie?;Bundy;
1;Wie heißt die Hauptstadt der Volksrepublik China?;Peking;
1;Wie heißt die vom Axel-Springer-Verlag seit 1952 herausgegebene Tageszeitung?;Bild;
1;Wie hieß bis 1990 die Hauptstadt der Bundesrepublik Deutschland?;Bonn;
1;Wie hieß die Mutter von Jesus Christus?;Maria;
1;Wie lautet das Fremdwort für den Begriff gesetzlich?;legal;
1;Wie lautet der Vorname von Bundeskanzler Schröder?;Gerhard  ;
1;Wie nennen Muslime ihren Gott?;Allah;
1;Wie nennt man den Leiter eines Orchesters?;Dirigent;
1;Wie nennt man die Formel-1-Rennwagen von McLaren Mercedes?;Silberpfeile;
1;Wie nennt man ein junges Rind?;Kalb;
1;Wie nennt man ein tragbares Funksprechgerät?;Walkie-Talkie;
1;Wie nennt man einen Berufsreiter bei Galopprennen?;Jockey;
1;Wie nennt man einen Militärflughafen zum Einsatz und zur Unterhaltung fliegender Verbände?;Fliegerhorst;
1;Wie sind Anfänger der Redensart nach häufig?;blutig;
1;Wie viele Pfennige sind eine Mark?;hundert;
1;Wie wird das Eigelb nocht genannt?;Dotter;
1;Wie wird der Atlantik umgangssprachlich genannt?;der große Teich;
1;Wie wird der Citroen 2CV genannt?;Ente;
1;Wie wird eine gefälschte Banknote umgangsprachlich bezeichnet?;Blüte;
1;Wo entspringt ein Fluss?;Quelle;
1;Wo muss man hingehen, um Gemälde zu sehen?;Pinakothek;
1;Wo residiert der Papst?;Vatikan;
1;Womit sollte man nicht versuchen ein Feuer zu löschen?;Benzin;
1;Woran erkennt man Autos der Marke Mercedes-Benz?;Stern;
1;Woraus schuf Gott die Eva?;Adams Rippe;
1;Worin ist Milch prima zu tansportieren?;Tetra Pak;
1;Worin sitzt ein Formel-1-Fahrer?;Cockpit;
2;Die Polizei, dein Freund und ...?;Helfer;
2;Diese war der erste Streich, doch der zweite ...?;folgt sogleich;
2;Wer reitet so spät durch Nacht und ...?;Wind;
2;Auf der Alm, da gibt´s koa ...?;Sünd;
2;Die Abkürzung EDV steht für elektronische ...?;Datenverarbeitung;
2;Ein erfahrener Kämpfer ist ein alter ...?;Haudegen;
2;Ein gewandter und flinker Mensch ist ...?;behände;
2;Ein Zeppelin ist ein ...?;Luftschiff;
2;Eine verrufene Kneipe ist eine ...?;Kaschemme;
2;Für welches Getränk ist die tschechische Stadt Budweis weltberühmt?;Bier;
2;In welchem Land trifft Jonathan Swifts Held Gulliver auf daumengroße Einwohner?;Liliput;
2;In welchem Meer mündet der Rhein?;Nordsee;
2;In welcher Farbe gibt es keine Gummibärchen von der Firma Haribo?;Blau ;
2;In welcher Stadt kann man über den Ku´damm spazieren?;Berlin;
2;In welches Meer mündet der Rhein?;Nordsee;
2;Mit welchem Gefährt kann man die so genannte Eskimorolle ausführen?;Kajak;
2;Mit welchem Titel landeten die Beatles keinen Nr.-1-Hit?;Satisfaction;
2;Mit welcher Währung zahlt man in der Schweiz?;Franken;
2;Nach welchem Tier wurde eine berühmte Operette von Johann Strauß benannt?;Fledermaus;
2;Unter welchem Begriff lassen sich Regen, Hagel und Schnee zusammenfassen?;Niederschlag;
2;Unter welchem Namen ist das Küchengewürz Liebstöckel noch bekannt?;Maggiekraut;
2;Unter welchem Namen machen Diether Bohlen und Thomas Anders seichte Popmusik?;Modern Talking;
2;Unter welcher Bezeichnung wurde die Klaviersonate op.27 Nr.2 von Ludwig van Beethoven berühmt?;Mondscheinsonate;
2;Was bedeutet das net in Internet?;Netz;
2;Was bezeichnet man als Eselsohr?;geknickte Buchseite;
2;Was brachte 1997 die Mercedes A-Klasse ins Wanken?;Elchtest;
2;Was du nicht willst, das man dir tu, das füg auch keinem andern ...?;zu;
2;Was findet laut Artikel 5, Absatz 1 des deutschen Grundgesetzes nicht statt?;Zensur;
2;Was gehört nicht ins Schminktäschchen?;Rasierpinsel;
2;Was hat sprichwörtlich goldenen Boden?;Handwerk;
2;Was ist ein Bolide?;Rennwagen;
2;Was ist ein Glücksbringer?;Amulett;
2;Was ist ein Kanton?;Schweizer Bundesland;
2;Was ist ein Knacki?;Gefängnisinsasse;
2;Was ist eine Enzyklopädie?;Lexikon;
2;Was ist Harakiri?;ritueller Selbstmord;
2;Was ist Mammon?;Geld;
2;Was ist sowohl Behältnis als auch Speise?;Terrine;
2;Was macht man aus Öl, Ei, Essig und Salz?;Majonäse;
2;Was schmiert man sich in die Haare?;Pomade;
2;Was wird vor allem in Western-Filmen als blaue Bohne bezeichnet?;Bleikugel;
2;Welche Abkürzung steht für hochauflösendes Fernsehen?;HDTV;
2;Welche Ausbildungsförderung kann ein Student vom Staat erwarten?;BAföG;
2;Welche Blume blüht laut einem Heino-Schlager so blau, blau, blau?;Enzian;
2;Welche dieser Sprachen ist nicht Amtssprache der Schweiz?;spanisch;
2;Welche Fernsehshow moderierte Kurt Felix?;Verstehen Sie Spaß?;
2;Welche Musikinstrumente brachten laut Altem Testament die Mauern von Jericho zu Fall?;Posaunen;
2;Welche Operationsmethode wird bei Entbindungen häufig angewandt?;Kaiserschnitt;
2;Welchen Raum einer Klinik bezeichnet man als Kreißsaal?;Entbindungsraum;
2;Welcher dieser Begriffe steht für eine scharfe Würzsoße?;Tabasco;
2;Welcher dieser Herren ist kein Skispringer?;Stefan Effenberg;
2;Welcher dieser Staaten zählt zu den Benelux-Staaten?;Luxemburg;
2;Welcher Vogel macht sprichwörtlich noch keinen Sommer?;Schwalbe;
2;Welches der folgenden Geräte kommt in der rhythmischen Sportgymnastik nicht zum Einsatz?;Peitsche;
2;Welches der folgenden Tierchen ist kein Pokemon?;Grobi;
2;Welches dieser Länder liegt nicht in Asien?;Ghana;
2;Welches Säugetier wird bis zu 5,80 Meter hoch?;Giraffe;
2;Wen oder was soll man spichwörtlich nicht mit dem Bade ausschütten?;Das Kind;
2;Wenn man aufgefordert wird, etwas nicht allzu genau zu nehmen, dann soll man fünfe ...?;gerade sein lassen;
2;Wer bestieg am 27.November 1975 den spanischen Thron?;Juan Carlos I;
2;Wer brachte Abel um?;Kain;
2;Wer gehörte nicht zu den Spice Girls?;Old Spice;
2;Wer kann hinter Gittern olympische Medaillen gewinnen?;Hammerwerfer;
2;Wer machte sich einen Namen als Waffenkonstrukteur?;Kalaschnikow;
2;Wer schießt schneller als sein Schatten?;Lucky Luke;
2;Wer schrieb das 1782 uraufgeführte deutsche Singspiel Die Entführung aus dem Serail?;Mozart;
2;Wer unterwirft sich einer strengen, enthaltsamen Lebensführung?;Asket;
2;Wer vollstreckt Todesurteile?;Henker;
2;Wie bezeichnet man Bergabau an der Erdoberfläche?;Tagebau;
2;Wie heißt das Paradies im Alten Testament?;Eden;
2;Wie heißt das seit 1997 produzierte Nachfolgemodell des Volkswagen Käfers?;New Beetle;
2;Wie heißt das unkontrollierbare Rutschen eines Autoa auf regennasser Fahrbahn?;Aquaplaning;
2;Wie heißt der Drachentöter aus dem Niebelungenlied?;Siegfried;
2;Wie heißt der Hund von Obelix?;Idefix;
2;Wie heißt die Industrieregion zwischen Duisburg und Dortmund?;Ruhrgebiet;
2;Wie heißt es im Volkslied: Es klappert die Mühle am ...?;Rauschenden Bach;
2;Wie heißt Hitchcocks tierischer Schocker aus dem Jahre 1963?;Die Vögel;
2;Wie lautet das englische Wort für bitte?;Pleace;
2;Wie lautet ein umgangssprachliches Wort für Verwandtschaft?;Sippschaft;
2;Wie nennt der Jäger das Fleisch des geschossenen Wildes?;Wildbret;
2;Wie nennt man Computerexperten, die sich unerlaubten Zugang zu fremden Rechnern verschaffen?;Hacker;
2;Wie nennt man die erste Reise eines Schiffes nach der Werftabnahme?;Jungfernfahrt;
2;Wie nennt man die sechseckigen Zellen in Bienenstöcken?;Waben;
2;Wie nennt man eine eingezäunte Weide?;Koppel;
2;Wie nennt man einen überdachten, an drei Seiten verglasten Vorbau eines Wohnhauses?;Veranda;
2;Wie nennt man einen unterschriebenen Scheck, in dem kein Betrag eingesetzt ist?;Blankoscheck;
2;Wie nennt man im Film die stummen Nebendarsteller?;Komparsen;
2;Wie nennt man im Fußball das spielentscheidende erste Tor in einer Verlängerung?;Golden Goal;
2;Wie werden Raumfahrer in Russland genannt?;Kosmonauten;
2;Wie wird Heidis Großvater in Johanna Spyris Erzählung genannt?;Alm-Öhi;
2;Wo befindet sich bei einem Wagen mit Gangschaltung normalerweise das Gaspedal?;Ganz rechts;
2;Wo leben die Usbeken?;Usbekistan;
2;Wo werden Schiffe ausgebessert?;Dock;
2;Wofür steht in der Mathematik ein durch einen Schrägstrich geteilter Kreis?;Durchmesser;
2;Wohinter steckt ein bekanntes deutschsprachiges Lexikon?;Brockhaus;
2;Woran leidet die Volkswirtschaft, wenn das Geld nichts mehr wert ist und die Preise steigen?;Inflation;
2;Worin speichert ein Bauer Getreide?;Silo;
2;Zu wem geht man, wenn man eine Brille braucht?;Optiker;
3;An welchem Tag geschieht sprichwörtlich etwas, wenn es in Wahrheit nie geschieht?;St.-Nimmerleins-Tag;
3;Auf welchen Schiffen mussten Sklaven und Sträflinge einst ihren Dienst verrichten?;Galeeren;
3;Auf welcher Zahl beruht das Dezimalsystem?;10;
3;Die oberste Dachkante nennt man ...?;First;
3;Ein anderes Wort für Wutanfall ist ...?;Koller;
3;Ein Egozentriker stellt sich selbst ...?;in den Mittelpunkt;
3;Eine einseitig positive oder negative Darstellung eines Sachverhaltes ist ...?;Schwarzweißmalerei;
3;Eine geistige Bewegung im Deutschland des 18.Jahrhunderts hieß Sturm und ...?;Drang;
3;Eine größere Inselgruppe nennt man auch ...?;Archipel;
3;Einer der größten Hits von Udo Jürgens heißt Siebzehn Jahr, ...?;blondes Haar;
3;In dem Teig einer echten italienischen Pizza gehören Weizenmehl, Wasser und ...?;Hefe;
3;In welche Stadt wollte Vicky Leandros mit einem gewissen Theo fahren?;Lodz;
3;In welchem französischen Teenager-Streifen debütierte Sophie Marceau 1980?;La Boum;
3;In welchem Land liegt die Region Apulien?;Italien;
3;In welchem US-Bundesstaat liegt Los Angeles?;Kalifornien;
3;In welchem Verwandschaftsverhältnis steht Donald Duck zu Tick, Trick und Track?;Onkel;
3;In welchen fiktiven Turm zieht sich jemand zurück, der sich von dieser Welt absondern will?;Elfenbeinturm;
3;Liselotte Pulver bekam es mit den Räubern zu tun in dem Film Das Wirtshaus ...?;im Spessart;
3;Mit welchem dieser Begriffe bezeichnet man ein luxuriöses, müßiggängerisches Leben;Dolce Vita;
3;Mit welchem Treibstoff werden die meisten Düsenflugzeuge angetrieben?;Kerosin;
3;Nach welcher englischen Devise handeln Heimwerker?;do it yourself;
3;Shakespeares Dramen-Held Hamlet ist Prinz von?;Dänemark;
3;Unter welchem dieser Begriffe kennt man einen Nachtisch aus gekochtem Obst?;Kompott;
3;Unter welchem Namen ist der Dachshund besser bekannt?;Dackel;
3;Unter welchem Namen wurde die Oscar-Preisträgerin Cherlyn Sarkisian La Pierre berühmt?;Cher;
3;Unter welchem Pseudonym wird Donald Duck zum Superhelden im Kampf gegen das Verbrechen?;Phantomias;
3;Von wem stammt die grammatikalisch unkorrekte Feststellung Marmor, Stein und Eisen bricht?;Drafi Deutscher;
3;Was findet man nicht im menschlichen Körper?;Achtzehendarm;
3;Was für ein Tier ist ein Eichhörnchen?;Nagetier;
3;Was für ein Werkzeug ist ein Engländer?;Schraubenschlüssel;
3;Was hat der Druide Miraculix immer dabei?;Sichel;
3;Was ist ein Karabiner?;Kurzläufiges Gewehr;
3;Was ist ein Pfifferling?;Pilz;
3;Was ist ein Sweater?;Pullover;
3;Was ist eine Schillerlocke?;geräucherter Fisch;
3;Was muß ein Schuldner anmelden, wenn er zahlungsunfähig ist?;Konkurs;
3;Was stellte Mitte des 19. Jahrhunderts eine große Gefahr für den europäischen Weinbau dar?;Reblaus;
3;Was war im kalten Zustand eine Bedrohung für die gesamte Menschheit?;Krieg;
3;Was wiegt höchstens 450 Gramm und hat einen Umfang von maximal 70 Zentimeter?;Fußball;
3;Was wird jedes Jahr am zweiten Sonntag im Mai gefeiert?;Muttertag;
3;Was wird mit einem Geigerzähler gemessen?;Radioaktivität;
3;Was wirkt, als Tee verabreicht, schweißtreibend und fiebersenkend?;Lindenblüten;
3;Was zog man sich früher als Schutz über die Schuhe?;Galoschen;
3;Welche Delikatesse bekommt man, wenn man foie gras bestellt?;Leberpastete;
3;Welche dieser frommen Damen ernährt sich hauptsächlich von Insekten?;Gottesanbeterin;
3;Welche Insel an der Südspitze Südamerikas ist durch die Magellanstraße vom Festland getrennt?;Feuerland;
3;Welche Sportler treten zum Giro d´Italia an?;Radsportler;
3;Welche Stadt wurde von 1948 bis 1949 über eine Luftbrücke mit Lebensmitteln versorgt?;Berlin;
3;Welchen berühmten Chor gründete Serge Jaroff 1921 in einem türkischen Internierungslager?;Donkosaken;
3;Welcher Vogel wird von verschuldeten Menschen besonders gefürchtet?;Kuckuck;
3;Welcher dieser Vulkane liegt auf Sizilien?;Ätna;
3;Welcher Fluss ist nach dem Rhein der längste und verkehrsreichste Deutschlands?;Elbe;
3;Welcher kleine Junge erlebte eine wunderbare Reise mit Wildgänsen?;Nils Holgerson;
3;Welcher österreichische Zoologe wurde durch seine Tauchgänge mit Haien weltberühmt?;Hans Hass;
3;Welcher Wert gibt den Luftwiderstand von Autos an?;cw-Wert;
3;Welches Bundesland hat die Farben Weiß und Blau in seiner Flagge?;Bayern;
3;Welches Bundesland umgibt die Stadt Berlin?;Brandenburg;
3;Welches dieser Tiere ist kein Spinnentier?;Birkenspanner;
3;Welches dieser Werke schrieb Karl Marx?;Das Kapital;
3;Welches Gebäude war bis 1970 das höchste der Erde?;Empire State Building;
3;Welches Land gehört nicht zu den baltischen Staaten?;Finnland;
3;Welches Muster hat das Fell junger Wildschweine?;gestreift;
3;Welches Rechtsmittel kann man gegen ein Gerichtsurteil einlegen?;Revision;
3;Wer erblickte am 1.Dezember 1935 als Allen Stewart Konigsberg das Licht der Welt?;Woody Allen;
3;Wer ließ zwei Schwestern für ihre Dienste mit Gold bzw. Pech  überschütten?;Frau Holle;
3;Wer schrieb Berlin Alexanderplatz?;Alfred Döblin;
3;Wer spielt den Privatdetektiv Thomas Magnum?;Tom Selleck;
3;Wer war Geigenbauer von Beruf?;Antonio Stradivari;
3;Wie bezeichnet man die Aufteilung eines Arbeitsplatzes unter mehreren Personen?;Jobsharing;
3;Wie bezeichnet man die Belgier mit französischer Muttersprache?;Wallonen;
3;Wie bezeichnet man die nachrichtenarme Zeit während der großen Schulferien? ;Sommerloch;
3;Wie heißen die beiden kürzeren Seiten eines rechtwinkligen Dreickecks?;Katheten;
3;Wie heißt das größte lebende Landraubtier?;Kodiakbär;
3;Wie heißt die amerikanische Variante des Kartenspiels Siebzehnundvier?;Black Jack;
3;Wie heißt die große, schleimige, krötenähnliche Kreatur aus den Star Wars-Filmen?;Jabba the Hut;
3;Wie heißt die Hauptstadt Bulgariens?;Sofia;
3;Wie heißt die kernlose, besonders süße Variante der Mandarine?;Klementine;
3;Wie hieß die Begleitband von Udo Lindenberg?;Panikorchester;
3;Wie lautet der russische Begriff für Umbau, der in den späten 80er Jahren sehr geläufig war?;Perestroika;
3;Wie lautet der traditionelle Gruß der Bergleute im Ruhrgebiet?;Glück auf;
3;Wie nannten die Ägypter ihren Sonnengott?;Re;
3;Wie nennen die Mediziner die Vorsteherdrüse?;Prostata;
3;Wie nennt man den Generator, der ein Kraftfahrzeug mit elektrischen Energie versorgt?;Lichtmaschine;
3;Wie nennt man den karrierten Faltenrock der Schotten?;Kilt;
3;Wie nennt man den wohltönenden Zusammenklang mehrere Töne?;Harmonie;
3;Wie nennt man die Einstimmung des Studiopublikums vor Beginn einer Fernsehsendung?;Warm-up;
3;Wie nennt man die Verknüpfung auf einer Webseite, die auf eine andere Seite verweist?;Link;
3;Wie nennt man ein hohes Trinkglas mit tiefem Kelch?;Flöte;
3;Wie nennt man ein mit Wasserfarben gemaltes Bild?;Aquarell;
3;Wie nennt man eine röhrenförmige Pelzhülle, in der man seine Hände wärmen kann?;Muff;
3;Wie nennt man eine sprunghafte Veränderung der Erbsubstanz?;Mutation;
3;Wie nennt man einen Autor, der ungenannt für eine andere Person schreibt?;Ghostwriter;
3;Wie nennt man Menschen, die für ihren Glauben oder ihre Überzeugung gestorben sind?;Märtyrer;
3;Wie nennt man Nationalspieler, die bei ausländischen Vereinen unter Vertrag stehen?;Legionäre;
3;Wie viele Wählerstimmen braucht eine Partei mindestens, um in den deutschen Bundestag einzuziehen?;fünf Prozent;
3;Wie wird die These bezeichnet, nach der alles schief geht, was schief gehen kann?;Murphys Gesetz;
3;Wohin muss man reisen, wenn man zur Costa Blanca will?;Spanien;
3;Worin äußert sich ein leitender Redakteur zum Zeitgeschehen?;Leitartikel;
4;Bei welcher offiziell nicht erlaubten Skat-Spielart verliert der Spieler mit den meisten Punkten?;Ramsch;
4;Der Mond ist ein ...?;Trabant;
4;Ein anderes Wort für Würfel lautet ...?;Kubus;
4;Ein Goethe-Gedicht beginnt: Über allen Gipfeln ...?;ist Ruh;
4;Eine schmale Treppe ist eine ...?;Stiege;
4;Eine Wohnung im Kellergeschoss befindet sich ...?;im Souterrain;
4;Für wen wurde die Brailleschrift entwickelt?;Blinde;
4;Heißluftballone werden nicht geflogen, sondern ...?;Gefahren;
4;Hollywood ist ein Stadtteil von ...?;Los Angeles;
4;In welchem Land erblickte Howard Carpendale das Licht der Welt?;Südafrika;
4;Paris liegt an der ...?;Seine;
4;Von welcher Band stammt die Glasnost-Hymne Wind of Change?;Scorpions;
4;Was darf in einer Maibowle nicht fehlen?;Waldmeister;
4;Was drückt eine Fahne auf Halbmast aus?;Trauer;
4;Was entsteht bei Erwärmung des Bodens und der darüber liegenden Luftschichten?;Thermik;
4;Was ist schwarzer Peter?;Kartenspiel;
4;Was ist ein Bergfried?;Hauptturm einer Burg;
4;Was ist ein Gobelin?;Wandteppich;
4;Was ist ein Katamaran?;Wasserfahrzeug;
4;Was ist ein Luftikus?;Leichtsinnige Person;
4;Was ist ein Stilett?;Dolch;
4;Was ist Glucose?;Traubenzucker;
4;Was ist kein fossiler Energielieferant?;Sonne;
4;Was landet im Kochtopf, wenn von einem Bouquet garni die Rede ist?;Kräuter;
4;Was sind Mokassins?;Schuhe der Indianer;
4;Was sollte man in einer schwierigen Situation bewahren?;Contenance;
4;Was steht im so genannten heliozentrischen System im Mittelpunkt?;Sonne;
4;Was verbirgt sich hinter dem chemischen Symbol Al?;Aluminium;
4;Was war die Aufgabe eines Barden im Mittelalter?;singen und dichten;
4;Was wird zur Herstellung von Glühfäden für Glühlampen verwendet?;Wolfram;
4;Welche Automarke produziert die legendäre Corvette?;Chevrolet;
4;Welche der folgenden deutschen Städte liegt nicht am Meer?;Friedrichshafen;
4;Welche der folgenden Sprachen spricht niemand als Muttersprache?;Esperanto;
4;Welche deutsche Comic-Zeitschrift erfreute ihre Leser in jeder Ausgabe mit einem Gimmick?;Yps;
4;Welche dieser Damen war so hässlich, dass ihr Anblick Menschen zu Stein erstarren ließ?;Medusa;
4;Welche Farbe hatte das Spielmobil, das einer TV-Kindersendung der 70er Jahre ihren Namen gab?;feuerrot;
4;Welche Krebse schützen ihren weiche Hinterkörper indem sie leere Schneckenhäuser besiedeln?;Einsiedlerkrebse;
4;Welche menschliche Reaktion drückt Verlegenheit, Schüchternheit und Scham aus?;errötende Wangen;
4;Welche Musik macht  Claudia Jung?;Deutscher Schlager;
4;Welche Nummer bezeichnet kein Duftwässerchen?;08/15;
4;Welche Pflanzengattung heißt mit botanischem Ausdruck Cannabis?;Hanf;
4;Welchen Beruf erlernte Stefan Raab?;Metzger;
4;Welchen Wert besitzt die Zahl Pi?;ca. 3,14;
4;Welcher dieser Schauspieler gehörte nicht zur Klimbim-TV-Familie?;Götz George;
4;Welcher dieser Vögel kann fliegen?;Storch;
4;Welcher Holländer sang den Schlager Wann wird´s mal wieder richtig Sommer?;Rudi Carrell;
4;Welcher Rex-Gildo-Schlager beginnt mit der legendären Zeile Hossa, Hossa, Hossa, Hossa?;Fiesta Mexicana;
4;Welcher Stern steht fast genau über dem Nordpol?;Polarstern;
4;Welcher Verlag gibt die Bild-Zeitung heraus?;Springer;
4;Welches berühmte Trickfilmzeichner-Duo erfand Tom und Jerry und die Familie Feuerstein?;Hanna & Barbera;
4;Welches Delikt begeht ein Hijacker?;Flugzeugentführung;
4;Welches der folgenden Verben bezeichnet man als Hilfsverb?;haben;
4;Welches Gerät sorgt für die Einhaltung einer vorgegebenen Temperatur?;Thermostat;
4;Welches Land war das eigentliche Ziel der ersten Atlantik-Überquerung von Christoph Columbus?;Indien;
4;Welches Tier trägt den lateinischen Namen Canis lupus?;Wolf ;
4;Wen benötigt ein Duellant als Beistand und Zeugen?;Sekundant;
4;Wen besiegte die deutsche Fußballnationalmannschaft im ersten Spiel nach der EM 2000 mit 4:1?;Spanien;
4;Wer im Restaurant eine Paella bestellt, bekommt?;Reisgericht;
4;Wer spielte im gleichnamigen Film den debilen Glückspilz Forrest Gump?;Tom Hanks;
4;Wer spielte von 1975 bis 1980 die Hauptrolle in der Slapstick-Serie Nonstop Nonsens?;Dieter Hallervorden;
4;Wer tritt nur selten ohne seine Orthopädischen Strümpfe auf?;Guildo Horn;
4;Wie bezeichnet man den jährlichen Gefiederwechsel der Vögel?;Mauser;
4;Wie bezeichnet man die reiche Auszierung einer Gesangsmelodie mit umspielenden Tönen?;Koloratur;
4;Wie heißen alle Mitglieder der Bee Gees mit Nachnamen?;Gibb;
4;Wie heißt der kleinste der sieben Hügel Roms?;Kapitol;
4;Wie heißt die Anemone noch?;Buschwindröschen;
4;Wie heißt die größte Insel der Erde?;Grönland;
4;Wie heißt die Hauptstadt von Nordirland?;Belfast;
4;Wie heißt die islamische Burg im spanischen Granada?;Alhambra;
4;Wie heißt die Meerenge, die den asiatischen Teil der Türkei von europäischen trennt?;Bosporus;
4;Wie heißt die Symbolfigur der Comic-Zeitschrift MAD?;Alfred E. Neumann;
4;Wie hieß der berühmte Picasso mit Vornamen?;Pablo;
4;Wie lange muss Scheherazade Märchen erzählen?;1001 Nacht;
4;Wie lautet das deutsche Wort für Parasit?;Schmarotzer;
4;Wie lautet der Fachbegriff für Zahnfäule?;Karies;
4;Wie lautet die volkstümliche Bezeichnung für eine Reihe von reich blühenden Zierpflanzen?;Fleißiges Lieschen;
4;Wie lebt jemand, der mit mehreren Frauen verheiratet ist?;polygam;
4;Wie nennt man das lange Gewand katholischer Geistlicher?;Soutane;
4;Wie nennt man den Bruder der Schwägerin?;Schwofschwager;
4;Wie nennt man den Gewinn, den eine Aktiengesellschaft periodisch an die Aktionäre ausschüttet?;Dividende;
4;Wie nennt man den inneren Durchmesser des Laufes einer Schusswaffe?;Kaliber;
4;Wie nennt man den Leiter eines Theaters?;Intendant;
4;Wie nennt man den Zustand einer berauschten Stimmung?;Euphorie;
4;Wie nennt man die Geschlechtszellen von Farnen?;Sporen;
4;Wie nennt man einen Judo-Kämpfer?;Judoka;
4;Wie nennt man einen säulenartigen, mehrarmigen Ständer für Kerzen und Lampen?;Kandelaber;
4;Wie nennt man einen sehr einflussreichen, mächtigen Geschäftsmann?;Tycoon;
4;Wie nennt man in der Fotografie ein Superweitwinkelobjektiv?;Fischauge;
4;Wo feierte Michael Schumacher 1992 seinen ersten Formel-1-Sieg?;Spa-Francochamps;
4;Wo versteckt sich das einzige der sieben Geißlein, das nicht vom Wolf gefressen wurde?;Uhrkasten;
4;Wofür stehen die fünf olympischen Ringe?;fünf Kontinente;
4;Womit hat es ein Kavalier in der ursprünglichen Bedeutung des Wortes zu tun?;Pferde;
4;Wovon ernähren sich Koalas fast ausschließlich?;Eukalyptus;
4;Zu welchem Staatsgebiet gehört die Region Masuren?;Polen;
4;Zu welcher Sprachgruppe gehören Französich, Italienisch und Spanisch?;romanische Sprachen;
5;An welchem Tag öffnete die Regierung der DDR die Berliner Mauer?;9.November 1989;
5;Bei welcher Band spielen Angus und Malcolm Young Gitarre?;AC/DC;
5;Die Wissenschaft von der englischen Sprache und Literatur nennt man ...?;Anglistik;
5;Durch welches System werden Verkehrsdurchsagen im Autoradio automatisch eingestellt?;ARI;
5;In welchem Monat beginnt auf der Südhalbkugel der Erde der Frühling?;September;
5;In welcher Stadt gibt es eine Museumsinsel?;Berlin;
5;Markenzeichen welcher Band sind die langen Bärte von Billy Hill und Dusty Gibbons?;ZZ Top;
5;Mit welchem Titel werden Kardinäle angeredet?;Eminenz;
5;Regen an welchem Tag bedeutet nach einer Bauernregel sieben Wochen schlechtes Wetter?;Siebenschläfer;
5;Um was für ein Tier handelt es sich beim Beluga?;Wal ;
5;Von welchem Schriftsteller stammen die Romane Der Seewolf und Der Lockruf des Goldes?;Jack London;
5;Von welchem Vogel handelt das Volkslied, aus dem die Zeile Simsaladimbambasaladusaladim stammt?;Kuckuck;
5;Wann verspeist man einen Lunch?;mittags;
5;Was bedeutet der französische Begriff Amateur im ursprünglichen Sinne des Wortes?;Liebhaber;
5;Was bezeichnet man in der Medizin als Fraktur?;Knochenbruch;
5;Was entspricht der Hälfte des Durchmessers eines Kreises?;Radius;
5;Was für ein Landsmann war der Schriftsteller Max Frisch?;Schweizer;
5;Was hat Alfred Nobel, der Stifter des Nobelpreises, erfunden?;Dynamit;
5;Was ist die englische Bezeichnung für Wiegenlied?;Lullaby;
5;Was ist die Kochfeste Sieglinde?;Kartoffelsorte;
5;Was ist die mittlere Reife?;Realschulabschluss;
5;Was ist ein Dompfaff?;Singvogel;
5;Was ist ein Falsifikat?;Fälschung;
5;Was ist ein Korso?;Festlicher Umzug;
5;Was meint ein Arzt, wenn er von Kammerflimmern spricht?;Herzrhythmusstörungen;
5;Was muß ein alkoholisches Mixgetränk, das man Flip nennt, auf jeden Fall enthalten?;Ei;
5;Was muß man schreiben, ehe man sich mit einem Doktotitel schmücken darf?;Dissertation;
5;Was müsste man eigentlich serviert bekommen, wenn man Pommes Frites bestellt?;gebratene Äpfel;
5;Was sind die Dardanellen im Nordwesten der Türkei?;Meeresstraße;
5;Welche Abkürzung steht für Kommanditgesellschaft?;KG;
5;Welche der folgenden Figuren stammt nicht aus den Bildergeschichten um den Bären Petzi?;Tigger;
5;Welche deutsche Großstadt wurde erst 1938 gegründet?;Wolfsburg;
5;Welche dieser Popsängerinnen war in dem Film Body of Evidence zu sehen?;Madonna;
5;Welche dieser Städte liegt nicht an der Cote d´Azur?;Bordeaux;
5;Welche französische Stadt diente im 14. Jahrhundert zeitweise als Residenz der Päpste?;Avignon;
5;Welche Kunst verbirgt sich hinter dem Begriff Ikebana?;Blumenstecken;
5;Welche rumänische Landschaft wird im Norden, Osten und Süden von den Karpaten begrenzt?;Siebenbürgen;
5;Welche Währung gilt in Entenhausen?;Taler;
5;Welchen Namen trug Thailand bis 1939?;Siam;
5;Welchen Zeitavschnitt bezeichnet man als Fin de Siecle?;Ende des 19. Jh.;
5;Welcher brave Soldat erlebte in einem Roman von Jaroslav Hasek Abenteuer im 1. Weltkrieg?;Schwejk;
5;Welcher der folgenden Begriffe bezeichnet kein Gewürz, sondern eine Gewürzmischung?;Curry;
5;Welcher der folgenden Begriffe bezeichnet keine Computersprache?;SECAM;
5;Welcher der folgenden Begriffe bezeichnet keine Wolke?;Stradivarius;
5;Welcher Fluss fließt durch Florenz?;Arno;
5;Welcher Fluß fließt nicht durch Berlin?;Leine;
5;Welcher Kabarettist bezeichnete sich selbst als schwarzes Schaf vom Niederrhein?;Hanns Dieter Hüsch;
5;Welcher Staat nannte sich Ende des 18. Jahrhunderts Helvetische Republik?;Schweiz;
5;Welcher Tänzer und Schauspieler wurde 1899 als Frederick Austerlitz geboren?;Fred Astaire;
5;Welcher Tätigkeit verdankt Kate Bush Ruhm und Geld?;singen;
5;Welches der folgenden Länder ist kein Nachfolgestaat der Sowjetunion?;Slowenien;
5;Welches der folgenden Wörter ist kein Kompositum?;Klingel;
5;Wen oder was losse mer laut einem Karnevalsschlager der Bläck Fööss in Kölle?;Dom;
5;Wer hat 1934 eine elektrische Orgel erfunden?;Laurens Hammond;
5;Wer setzte vor dem Computerzeitalter die Druckplatten für Zeitungen zusammen?;Setzer;
5;Wer spielt in der Fernsehserie Manni, der Libero Manni, den Libero?;Thomas Ohrner;
5;Wer spielte den durchgeknallten Tierdetektiv Ace Ventura?;Jim Carrey;
5;Wer spielte den J.R. Ewing in der Serie Dallas?;Larry Hagman;
5;Wie bezeichnet man eine Maschine, die ohne Zufuhr von Energie ständig arbeitet?;Perpetuum mobile;
5;Wie heißt der Hauptdarsteller und Regisseur des Films Der mit dem Wolf tanzt?;Kevin Costner;
5;Wie heißt der Nachbarstaat von San Marino?;Italien;
5;Wie heißt der nordöstliche Teil des Rheinischen Schiefergebirges?;Sauerland;
5;Wie heißt die größte Stadt Westfalens?;Dortmund;
5;Wie heißt die Landeshauptstadt von Hessen?;Wiesbaden;
5;Wie heißt Draculas berühmter Gegenspieler?;Abraham van Helsing;
5;Wie hieß das Schiff von Meeresforscher Jaques-Yves Cousteau?;Calypso;
5;Wie hieß die Oppositionsbewegung gegen den Absolutismus im Frankreich des 17. Jahrhunderts?;Fronde;
5;Wie hieß Muhammed Ali, bevor er den islamischen Glauben annahm?;Cassius Clay;
5;Wie lang ist der Rhein?;1320 Kilometer;
5;Wie lautet der Nachname der Pro-Sieben-Talkerin Arabella?;Kiesbauer;
5;Wie lautet der Name Finnlands in der Landessprache?;Suomi;
5;Wie lautet der Titel einer sinfonischen Dichtung des Komponisten Bedrich Smetana?;Die Moldau;
5;Wie nennt man das Kontrollorgan einer Aktiengesellschaft?;Aufsichtsrat;
5;Wie nennt man das schwarz verhängte Gerüst, auf dem bei Trauerfeierlichkeiten der Sarg steht?;Katafalk;
5;Wie nennt man die groteske Komik, die für die amerikanische Stummfilmkomödie typisch war?;Slapstick;
5;Wie nennt man die Schalen, Keime und äußeren Schichten von Getreidekörnern?;Kleie;
5;Wie nennt man die Zeitspanne zwischen der Infektion und dem Ausbruch der Krankheit?;Inkubation;
5;Wie nennt man ein Zwischenspiel?;Intermezzo;
5;Wie nennt man im Boxsport einen mit angewinkeltem Arm ausgeführten Schlag?;Haken;
5;Wie wird der längste Breitenkreis der Erde bezeichnet?;Äquator;
5;Wie wird eine kurze, intensive Gymnastikstunde genannt?;Work-Out;
5;Wo endet der legändere Verführer Don Giovanni in Mozarts gleichnamiger Oper?;In der Hölle;
5;Wo liegt die historische Landschaft Aquitanien?;Südfrankreich;
5;Wo versinkt in Rudi Schurikes Schlagerhit aus der Nachkreigszeit die rote Sonne im Meer?;bei Capri;
5;Woher kommt Michel aus Astrid Lindgrens gleichnamigen Kinderbuch?;Lönneberga;
5;Zu welchem Land gehört die Insel Kos?;Griechenland;
5;Zu welchem Staat gehört die Halbinsel Baja California?;Mexiko;
5;Zu welcher Wortgruppe zählen damit, weil, obwohl und als?;Konjunktionen;
5;Zwischen welchen Städten verkehrte die erste deutsche Eisenbahn?;Nürnberg und Fürth;
6;An den Hundstagen ist das Wetter ...?;Heiß;
6;An welchem Tag ist altem rheinischen Liedgut zufolge alles vorbei?;Aschermittwoch;
6;Bei welcher Familie findet Alf auf der Erde Asyl?;Tanner;
6;Der Name welcher Band bedeutet soviel wie in flagranti?;Caught in the act;
6;Durch welches Lied wurde Lale Andersen während des 2.Weltkrieges berühmt?;Lili Marleen;
6;Für welches Produkt ist die bei Venedig gelegene Insel Murano berühmt?;Glas;
6;Gut zu erreichen war James Garner in der TV-Serie Detektiv Rockford- ...?;Anruf genügt;
6;In welchem Bundesland war Uwe Barschel bis 1987 Ministerpräsident?;Schleswig-Holstein;
6;In welchem Land wurde der Politiker Bruno Kreisky 1970 zum Bundeskanzler gewählt?;Österreich ;
6;In welchem See liegt die Insel Mainau?;Bodensee;
6;In welchem US-Bundesstaat liegt das Death-Valley?;Kalifornien;
6;In welcher dieser Städte steht kein Dom?;Wolfsburg;
6;In welcher Maßeinheit werden elektrische Widerstände gemessen?;Ohm;
6;In welcher Stadt befindet sich die Hagia Sophia?;Istanbul;
6;In welcher Stadt hat das Bundesverfassungsgericht seinen Sitz?;Karlsruhe;
6;In welcher Stadt kann man das Hänneschen-Theater besuchen?;Köln;
6;Mit welchem englischen Ausdruck bezeichnet man in der Informatik einen Zwischenspeicher?;Cache;
6;Mit welchem englischen Begriff bezeichnet man das langsame Ausblenden eines Musik-Titels?;Fadeout;
6;Mit welchem komödiantischen Schauspieler bildete Walter Matthau Ein seltsames Paar?;Jack Lemmon;
6;Neapel sehen und ...?;Sterben;
6;Ohne was geht die Mimi laut Schlagersänger Bill Ramsey nie ins Bett?;Krimi;
6;Was bezeichnet man als Boheme?;Künstlergesellschaft;
6;Was bezeichnet man als Kalamet?;Friedenspfeife;
6;Was bezeichnet man im Ruhrgebiet als Rennpferd des kleinen Mannes?;Brieftaube;
6;Was bezeichnet man in der Wirtschaft als Insolvenz?;Zahlungsunfähigkeit;
6;Was bezeichnet man in der Zoologie als Fahne?;Teil der Vogelfeder;
6;Was für ein Landsmann war der Dichter Gottfried Keller?;Schweizer;
6;Was ist ein Diwan?;Liege ohne Lehne;
6;Was ist ein Futteral?;Hülle;
6;Was ist ein in der Denkmalpflege oder im Museumsdienst tätiger Beamter?;Konservator;
6;Was ist ein Sedativ?;Beruhigungsmittel;
6;Was ist Pluralismus?;Meinungsvielfalt;
6;Was sind die drei Grundfarben?;Blau, rot und gelb;
6;Was spricht schon Goethes Heldin Iphigenie gelassen aus?;großes Wort;
6;Was stellt Annemarie Wendel in der Serie Lindenstraße dar?;Else Kling;
6;Was wurde aus der 1898 gegründeten Westdeutschen Benzolverkaufsvereinigung?;Aral;
6;Welche deutsche Country-Band landete mit Ich möchte` so gern Dave Dudley hörn einen Mega-Hit?;Truck Stop;
6;Welche Frucht heißt im Englischen raspberry?;Himbeere;
6;Welche Schauspielerin beendete 1974 ihre Filmkarriere um sich dem Tierschutz zu widmen?;Brigitte Bardot;
6;Welchen pflanzlichen Farbstoff verwenden Chemiker als Indikator?;Lackmus;
6;Welcher der folgenden Künstler ist bei Kindern auch als Mitglied der Ninja Turtles bekannt?;Michelangelo;
6;Welcher der folgenden Stoffe ist kein chemisches Element?;Stahl;
6;Welcher deutsche Regisseur drehte die Filme Die Ehe der Maria Braun und Angst essen Seele auf?;Fassbinder;
6;Welcher dieser Begriffe bezeichnet kein Edelgas?;Natron;
6;Welcher dieser Schauspieler spielt nicht in dem Film Gefährliche Liebschaften?;Brad Pitt;
6;Welcher Fluß fließt nicht in den Rhein?;Regnitz;
6;Welcher Fußball-Bundesligist schaffte nicht den Sprung in die Champions-League-Saison 2000/2001;1860 München;
6;Welcher Schlagerstar fand irgendwo, allein in Mexiko eine Frau namens Anita?;Costa Cordalis;
6;Welches dieser Gedichte stammt nicht von Goethe?;Lied von der Glocke;
6;Welches ist das flächenmäßig größte deutsche Bundesland?;Bayern;
6;Welches Kabarett-Duo bilden Stephanie Überall und Gerburg Jahnke?;Missfits;
6;Welches Meer wird auch als Baltisches Meer bezeichnet?;Ostsee;
6;Welches Weltwunder befand sich auf einer Insel vor Alexandria?;Leuchtturm;
6;Wen erfand James Krüss?;Tim Thaler;
6;Wen spielte Barbara Bel Geddes in der Serie Dallas?;Miss Ellie;
6;Wer gehörte nicht zur britischen Komikertruppe Monty Phyton?;Benny Hill;
6;Wer oder was ist ein Zypriot?;Einwohner von Zypern;
6;Wer schrieb das Lustspiel Minna von Barnheim und das Trauerspiel Emilia Galotti?;Lessing;
6;Wer spielte die Hauptrolle in Theo gegen den Rest der Welt?;Müller-Westernhagen;
6;Wer verfasste den Roman Jurassic Park?;Micheal Crinchton;
6;Wer war laut Cicero der Vater der Geschichtsschreibung?;Herodot;
6;Wie bezeichnet man die größte zusammenhängende Landmasse der Erde?;Eurasien;
6;Wie heißt das große Sumpfgebiet im Süden von Florida?;Everglades;
6;Wie heißt das werktags um 19 Uhr 30 auf PRO7 ausgestrahlte Wissensmagazin?;Galileo;
6;Wie heißt der explodierte Heimatplanet von Superman?;Krypton;
6;Wie heißt die größte Stadt der iberischen Halbinsel?;Madrid;
6;Wie heißt die Steuer auf Waren und Dienstleistungen, die ein Unternehmen im Inland verkauft?;Umsatzsteuer;
6;Wie hieß das Luftschiff, das am 6. Mai 1937 bei der Landung in Lakehurst explodierte?;Hindenburg ;
6;Wie hieß der Maler und Bildhauer Michelangelo mit Nachnamen?;Buonarroti;
6;Wie lange darf beim Handball der Ball höchstens in der Hand behalten werden?;3 Sekunden;
6;Wie lautet der deutsche Name des Lago Maggiore?;Langensee;
6;Wie lautet der heutige Name der früheren Kolonie Deutsch-Südwestafrika?;Namibia;
6;Wie nennt man den bei der Zuckergewinnung anfallenden zähflüssigen, braunen Rückstand?;Melasse;
6;Wie nennt man den Krawattenknoten, den der englische König Edward VIII. populär machte?;Windsorknoten;
6;Wie nennt man den Vorgang, wenn Gegenstände durch psychische Anstrengung bewegt werden?;Telekinese;
6;Wie nennt man die Grenze zwischen einer warmen und einer kalten Luftmasse?;Front;
6;Wie nennt man einen andauernden Kursrückgang an der Börse?;Baisse;
6;Wieviele Ecken hat ein Hexagon?;6;
6;Wieviele Quadratmeter sind ein Hektar?;10000 Quadratmeter;
6;Wo leben die für ihre weiche Wolle bekannten Alpakas?;Südamerika;
6;Woher kam laut einer berühmten Journalisten-Floskel der Fußballer Günther Netzer?;Tiefe des Raumes;
6;Woraus besteht heutzutage die Mine eines Bleistifts?;Graphit;
6;Zu welcher Stadt gehört der Stadtteil Fuhlsbüttel?;Hamburg;
7;Auf dem Cover welches Beatles-Album gehen die vier Bandmitglieder über einen Zebrastreifen?;Abbey Road;
7;Bei einem heftigen Wolkenbruch regnet es einer englischen Redewendung zufolge ...?;Katzen und Hunde;
7;Bei welchem Film führte nicht Steven Spielberg Regie?;Krieg der Sterne;
7;Der Sänger welcher Hardrock-Combo ist Steven Tyler?;Aerosmith;
7;Ein neues Erlebnis, von dem man glaubt, es bereits aus der Vergangenheit zu kennen, nennt man?;Deja vu;
7;Im Volkslied Die Vogelhochzeit schenkt der Wiedehopf der Braut ...?;´nen Blumentopf;
7;In welchem Song der Beatles wird ein Mädchen mit Kaleidoskop-Augen besungen?;Lucy in the sky ...;
7;In welcher Sportart werden Strafecken ausgeführt?;Feldhockey;
7;In welcher Stadt leben die Simpsons aus der gleichnamigen Zeichentrick-Serie?;Springfield;
7;In welcher Stadt wurde Friedrich Schiller geboren?;Marbach;
7;Mit welcher dieser Floskeln drückt man Kondolenz aus?;Herzliches Beileid!;
7;Mit welcher Kollegin war Humphrey Bogart verheiratet?;Lauren Bacall;
7;Über welches Tier informierte ein als Professor Grzimek getarnter Loriot die Fernsehzuschauer?;Steinlaus;
7;Unter welchem Spitznamen war Nationaltorhüter Sepp Maier bekannt?;Katze von Anzing;
7;Was bedeutet Alma mater, der studentische Ausdruck für Universität?;Nährende Mutter;
7;Was bedeutet die Abkürzung REW, zum Beispiel auf Video- und Kassettenrecordern?;Rewind;
7;Was bedeutet Toleranz im ursprünglichen Sinne des Wortes?;Erdulden;
7;Was ist ein Bulletin?;Bericht;
7;Was ist ein Dreispitz?;Männerhut;
7;Was ist ein Heimchen?;Hausgrille;
7;Was ist ein Hermaphrodit?;Zwitter;
7;Was ist eine Krinoline?;Unterrock;
7;Was wird aus geraspelten Süßholzwurzeln gewonnen?;Lakritz;
7;Was wird mit Herbiziden bekämpft?;Unkraut;
7;Welche der folgenden Inseln gehört nicht zu Italien?;Korsika;
7;Welche dieser Hautkrankheiten wird durch Milben hervorgerufen?;Krätze;
7;Welche Gattin eines US-Präsidenten rief eine Stiftung zur Therapie von Alkoholkranken ins Leben?;Betty Ford;
7;Welche Linien verbinden auf Wetterkarten Punkte mit gleichem Luftdruck?;Isobaren;
7;Welche Meerenge verbindet als Teil des Ärmelkanals den Atlantischen Ozean mit der Nordsee?;Straße von Dover;
7;Welche Tiere gehören nicht zu den Paarhufern?;Pferde;
7;Welche Zutat verleiht Tonicwater seine Bitterkeit?;Chinin;
7;Welchen Bootstyp besang Bernd Clüver in Der Junge mit der Mundharmonika?;Barke;
7;Welchen weltberühmten Roman schrieb der griechische Schriftsteller Nikos Kazantzakis?;Alexis Sorbas;
7;Welcher amerikanische Schriftsteller erfand die Detektivfigur Lew Archer?;Ros Macdonald;
7;Welcher dieser Sätze bedeutet im Zweifel für den Angeklagten?;in dubio pro reo;
7;Welcher Komponist konnte seinen Namen buchstabengetreu in Musiknoten darstellen?;Bach;
7;Welcher oft geschmähte Fussballstar wechselte im Jahr 2000 von Borussia Dortmund zu Schalke?;Andy Möller;
7;Welcher Pop-Star verwandelte sich zum Beispiel in den Thin White Duke und Ziggy Stardust?;David Bowie;
7;Welcher Zucker wird als Laktose bezeichnet?;Milchzucker;
7;Welches Bundesland gehört erst seit 1957 zur Bundesrepublik Deutschland?;Saarland;
7;Welches der folgenden Tiere hält keinen Winterschlaf?;Hase;
7;Welches Tier versteckt sich hinter der zoologischen Bezeichnung Bison bonasus?;Wisent;
7;Welches Verfahren erlaubt Speicherung und Reproduktion von Bildern in dreidimensionaler Struktur?;Holographie;
7;Welches war der siebte Monat des Kalenders in der römischen Antike?;September;
7;Wer erfand die Figur des talentierten Mr. Ripley?;Patricia Highsmith;
7;Wer malte das berühmte Bild vom armen Poeten?;Carl Spitzweg;
7;Wer moderiert das ARD-Magazin Monitor?;Klaus Bednarz;
7;Wer schrieb in den 80er jahren den Bestseller So laßt uns denn ein Apfelbäumchen pflanzen?;Hoimar von Ditfurth;
7;Wer spielte in der TV-Serie Die Sopranos den Mafia-Boss, der auf die Psychoanalytiker-Couch muss?;James Gandolfini;
7;Wer war der zweite Mensch auf dem Mond?;Edwin Aldrin;
7;Wer wurde durch seinen Film Der Pate zum international gefeierten Regiestar?;Francis Ford Coppola;
7;Wer wurde im Jahr 2000 zu Schwedens Handballer des Jahrhunderts gekürt?;Magnus Wislander;
7;Wie bezeichnet man 1.048.576 Bytes?;Megabyte;
7;Wie bezeichnet man im Basketball das Fangen des vom Brett abspringenden Balles?;Rebound;
7;Wie bezeichnete die Römer der Kaiserzeit ihre durch Wehrbauten gesicherte Reichsgrenze?;Limes;
7;Wie heißen Vertiefungen der Erdöberfläche, die durch vulkanische Gasexplosionen entstanden sind?;Maar;
7;Wie heißt das 1215 entstandene, wichtigste englische Grundgesetz?;Magna Charta;
7;Wie heißt das 1741 von Kaiserin Maria Theresia gegründete, berühmte Theater in Wien?;Burgtheater;
7;Wie heißt das 1745 bis 1747 erbaute Sommerschloss Friedrichs des Großen in Potsdam?;Sanssouci;
7;Wie heißt der Bandleader in der Harald Schmidt Show?;Helmut Zerlett;
7;Wie heißt der Eisenbahndamm, der Sylt mit der Küste von Schleswig-Holstein verbindet?;Hindenburgdamm;
7;Wie heißt der zweitgrößte Planet unseres Sonnensystems?;Saturn;
7;Wie heißt die größte Stadt Schottlands?;Glasgow;
7;Wie heißt die Hauptstadt des Elsass?;Straßburg;
7;Wie heißt die Meeresstraße zwischen den dänischen Inseln Fünen und Seeland?;Großer Belt;
7;Wie heißt die Währung Israels?;Schekel;
7;Wie heißt Old Shatterhands Pferd?;Hatatitla;
7;Wie hieß das jüngste Mitglied der Beatles?;George Harrison;
7;Wie hieß die Hauptstadt des Byzantinischen Reiches?;Konstantinopel;
7;Wie hieß die zänkische Frau des griechischen Philosophen Sokrates?;Xanthippe;
7;Wie hoch ist der Intelligenzquotient von so genannten normal begabten Menschen?;90 bis 109;
7;Wie nennt man ein gericht aus fein zerkleinertem, gegartem Fleisch oder Innereien?;Haschee;
7;Wie nennt man eine schlecht klingende Folge von Lauten?;Kakophonie;
7;Wie nennt man einen kurzen Spot im Fernsehen oder Radio, der auf spätere Sendungen hinweist?;Trailer;
7;Wie nennt man in vielen Städten und Gemeinden den Leiter der Finanzverwaltung?;Kämmerer;
7;Wie nennt sich der Sänger der Ärzte?;Farin Urlaub;
7;Wieviele Aktienwerte enthält der DAX?;30;
7;Wo haben sich junge Männer zur Bundeswehrmusterung einzufinden?;Kreiswehrersatzamt;
7;Zu welchem Staat gehört die Halbinsel Chalkidike?;Griechenland;
7;Zu welchem Staat gehört die Provinz Flevoland?;Niederlande;
7;Zu welchem Staatsgebiet zählte der Ort Elten bei Emmerich von 1945 - 1963?;Niederlande;
8;Auf welchen Rohstoff deutet die Silbe hall im Namen von Städten hin?;Salz;
8;Aus welchem Roman ist der Titel der Doku-Soap Big Brother entliehen?;1984;
8;Aus wievielen Zähnen besteht das Milchgebiss eines Kindes?;20;
8;Die Coca-Cola-Company forderte einst ihre Käufer auf: Mach mal ...!?;Pause;
8;Die Tochter welches Beatles macht Karriere als Modeschöpferin?;Paul McCartney;
8;In welchem Bundesland befindet sich die Holsteinische Schweiz?;Schleswig-Holstein;
8;In welchem Land regierte Augusto Pinochet?;Chile;
8;In welchem Monat findet alljährlich die Kieler Woche statt?;Juni;
8;In welcher Einheit werden Energie, Arbeit und Wärmemengen angegeben?;Joule;
8;In welcher Stadt wurde der Dichter Heinrich Heine geboren?;Düsseldorf;
8;In welcher Stadt wurde Franz Kafka geboren?;Prag;
8;In welcher Stadt wurde Martin Luther geboren?;Eisleben;
8;Mit welchem Fremdwort bezeichnet man das Zusammentreffen zweier Ereignisse?;Koinzidenz;
8;Mit welchem Kurzbegriff wird Lichtverstärkung durch stimulierte Strahlenemission bezeichnet?;Laser;
8;Mit wem sang Nick Cave Where the wild roses grow?;Kylie Minogue;
8;Mit wem sang und stöhnte Serge Gainsbourg das Lied Je t´aime?;Jane Birkin;
8;Nach einer Festlegung des Internationalen Instituts für Statistik hat eine Großstadt mehr als ...?;100.000 Einwohner;
8;Wann ging in Frankreich das so genannte Ancien Regime  zu Ende?;1789;
8;Was ist ein Klüver?;dreieckiges Vorsegel;
8;Was tat Ödipus, nachdem er erfuhr, wer seine leiblichen Eltern sind?;Verstümmelte sich;
8;Was trägt man, wenn man Flip-Flops anzieht?;Badelatschen;
8;Was versteht man heute unter einem Sermon?;Geschwätz;
8;Was wird -außer einem Blumenstrauß- als Bukett bezeichnet?;Duft des Weines;
8;Welche Comic-Firma wurde mit Figuren wie Spiderman und den Fantastischen Vier berühmt?;Marvel;
8;Welche dieser Gruppen besteht nicht nur aus Frauen?;Aqua;
8;Welche Länder beherrschte die k.u.k.-Monarchie?;Österreich-Ungarn;
8;Welche Schriftstellerin schrieb unter dem Pseudonym Mary Westmacott Liebesromane?;Agatha Christie;
8;Welchen Dosensuppenhersteller verewigte Andy Warhol auf zahlreichen Siebdrucken?;Campbell´s;
8;Welchen Verein löste Bayern München 1987 als Deutscher Rekordmeister ab?;1. FC Nürnberg;
8;Welcher 1990 verstorbene Künstler stellte immer wieder das Baby im Strahlenkranz dar?;Keith Haring;
8;Welcher der folgenden Berge ist nicht über 8000 Meter hoch?;Aconcagua;
8;Welcher der folgenden Romane stammt nicht von Karl May?;Lederstumpf;
8;Welcher deutsche Regiesseur erregte in den 80er Jahren mit seinem Film Das Gespenst Aufsehen?;Herbert Achternbusch;
8;Welcher dieser Stoffe ist ein Bleichmittel?;Wasserstoffperoxid;
8;Welcher Dorfrichter soll in Kleists Komödie im Fall über den Zerbrochenen Krug Recht sprechen?;Adam ;
8;Welcher Heilige soll den Vögeln gepredigt haben?;Franz von Assisi;
8;Welcher italienischen Stadt verdankt die Fayence-Keramik ihren Namen?;Faenza;
8;Welcher Künstler schuf die Skulptur Der Denker?;Rodin;
8;Welcher Leichtathlet wurde 1996 Olympiasieger über 200 und 400 Meter?;Michael Johnson;
8;Welcher Sohn einer berühmten Puppenkünstlerin schrieb die Geschichte vom Urmel aus dem Eis?;Max Kruse;
8;Welches Markenzeichen macht den US-Latenight-Talker Jay Leno unverwechselbar?;ausgeprägtes Kinn;
8;Welches der folgenden Länder liegt nicht an der Donau?;Tschechien;
8;Welches dieser Segel findet man tatsächlich bei einem Segelschiff?;Gaffelsegel;
8;Welches ist die nördlichste Stadt Europas?;Hammerfest;
8;Welches Land lehnte sich im 80-jährigen Krieg gegen die spanische Herrschaft auf?;Niederlande;
8;Welches Land nennt seinen höchsten Berg Grauspitze?;Liechtenstein;
8;Welches Tier verhungerte, weil es sich nicht zwischen zwei Heubüscheln entscheiden konnte?;Buridans Esel;
8;Welches Unternehmen warb mit einer Parodie auf Wer wird Milionär für eines seiner Produkte?;McDonald´s;
8;Wer ist mit über 13.000 gewonnen Rennen der erfolgreichste Trabrennfahrer aller Zeiten?;Heinz Wewering;
8;Wer moderiert die ARD-Nachmittags-Schlager-Show Wunschbox?;Ingo Dubinski;
8;Wer spielt in Spiel mir das Lied vom Tod auf einer Mundharmonika das Lied vom Tod?;Charles Bronson;
8;Wer weigerte sich, das Beichtgeheimnis zu brechen, und wurde deswegen in der Moldau ertränkt?;Johannes von Nepomuk;
8;Wer wurde um 1900 mit seinen Zeichnungen aus dem Berliner Proletarier-Milieu berühmt?;Heinrich Zille;
8;Wie heißt der haustierhafte Staubsauger der Teletubbies?;Nono;
8;Wie heißt die Ehefrau von Tom Cruise?;Nicole Kidman;
8;Wie heißt die Frau von Othello, dem Mohren von Venedig?;Desdemona;
8;Wie heißt die größte Drüse beim Menschen und allen anderen Wirbeltieren?;Leber;
8;Wie heißt die Hauptstadt des Libanon?;Beirut;
8;Wie heißt die Verlobte Hamlets, die wahnsinnig wird und sich in einem Fluß ertränkt?;Ophelia;
8;Wie heißt eine Kraftmaschine, die aus Wasser, Gas oder Dampf mechanische Energie gewinnt?;Turbine;
8;Wie lautet die umgangssprachliche Bezeichnung für eine Aktie mit niedrigem Nennwert?;Babyaktie;
8;Wie nennen sich die Arabisch sprechenden christlichen Nachfahren der alten Ägypter?;Kopten;
8;Wie nennt man die Eishockey-Nationalmannschaft Schwedens?;Dreikronnen-Team;
8;Wie nennt man die Kombination aus Pullover und Jacke?;Twinset;
8;Wie nennt man im Turnen einen Handstützüberschlag rückwärts aus dem Stand heraus?;Flickflack;
8;Wie nennt man in der Mathematik den Schnittpunkt der beiden Schenkel eines Winkels?;Scheitel;
8;Wie nennt sich der Sänger der Bloodhound-Gang?;Jimmy Pop;
8;Wie wird die Altstadt nordafrikanischer Städte genannt?;Kasbah;
8;Wo befindet sich der Latissimus-Muskel?;Rücken;
8;Wo in Paris fand Napoleon I. die letzte Ruhe?;Invalidendom;
8;Wo kann man sich über den Wert von Gebrauchtwagen informieren?;Schwackeliste;
8;Wo liegt die Landschaft Kampanien?;Italien;
8;Wo zahlt man in Zloty?;Polen;
8;Wobei tritt die sogenannte REM-Phase ein?;Schlaf;
8;Zu welchem Begriff lassen sich -Philosophen wie Hegel zufolge- These und Antithese verbinden?;Synthese;
9;Auf welchem Gebiet tat sich Theodor W. Adams nicht hervor?;Werbegraphik;
9;Auf wen bezog sich Stan, der Spitzname des legendären Fußballers Reinhard Libuda?;Stanley Matthews;
9;Da sprach der alte Häuptling der Indianer :Wild ist der Westen, ...?;Schwer ist der Beruf;
9;Die Muskulatur welchen Körperteils steuert der Fazialis-Nerv?;Gesicht;
9;In welchem Bundesland befindet sich das Harlinger Land?;Niedersachsen;
9;In welchem Gebirge findet man den Drachenfels?;Siebengebirge;
9;In welchen Abständen wird in der katholischen Kirche seit 1475 ein Heiliges Jahr gefeiert?;alle 25 Jahre;
9;In welcher Nibelungenstadt findet alljährlich das Backfischfest statt?;Worms;
9;In welcher Schlacht besiegte Napoleon 1805 die russischen und österreichischen Truppen?;Dreikaiserschlacht;
9;In welcher Stadt wurde der Märchenerzähler Hans Christian Andersen geboren?;Odense;
9;In welcher Western-Serie spielt Clint Eastwood einen Viehtreiber namens Rowdy Yates?;Rawhide;
9;Mit welchem Begriff bezeichnet man eine Mischung aus konzentrierter Salz- und Salpetersäure?;Königswasser;
9;Mit welchen Worten wird die Wahl eines Papstes bekannt gegeben?;Habemus Papam;
9;Nach wem wurde die Einheit der elektrischen Spannung benannt?;Alessandro Volta;
9;Unter welchem Namen machte Doris Kappelhoff Karriere beim Film?;Doris Day;
9;Unter welchem Namen wurde der Orchesterleiter James Last geboren?;Hans Last;
9;Von wann bis wann lebte Johann Wolfgang von Goethe?;1749 bis 1832;+
9;Von wem stammte das Zitat: Die Grenzen meiner Sprache sind die Grenzen meiner Welt?;Ludwig Wittgenstein;
9;Was bedeutet der französische Name des Schaumgebäcks Baiser wörtlich?;Kuss;
9;Was ist die spanische Fliege?;Käfer;
9;Was ist die ursprüngliche Bedeutung des Wortes Kultur?;Landbau;
9;Was ist ein lapsus linguae?;Versprecher;
9;Was ist ein Olifant?;Blasinstrument;
9;Was ist eine Gabelweihe?;Greifvogel;
9;Was ist laut Kommunistischem Manifest das Einzige, was die Proletarier zu verlieren haben?;Ketten;
9;Was kann man mit einem Hygrometer messen?;Luftfeuchtigkeit;
9;Was soll der Mönch Berthold Schwarz im 14. Jahrhundert erfunden haben?;Schießpulver;
9;Was versteht man unter Jitterbug?;Gesellschaftstanz;
9;Welche der folgenden Inseln gibt es nur im Mythos?;Inseln der Seligen;
9;Welche ehemalige Weltklasse-Skifahrerin wurde in Recklinghausen geboren?;Katja Seizinger;
9;Welche historische Persönlichkeit inspirierte Albert Lortzing zu der Oper Zar und Zimmermann?;Peter der Große;
9;Welche Landesteile trennt der Fluss Eider?;Schleswig/Holstein;
9;Welche Leichtathletin wurde die schwarze Gazelle genannt?;Wima Rudolph;
9;Welche literarische Figur wurde von dem Amerikaner Robert E. Howard geschaffen?;Conan, der Barbar;
9;Welche männliche Stimmlage wird auch als Kastraten- oder Falsettgesang bezeichnet?;Kontratenor;
9;Welche Temperaturskala beginnt am absoluten Nullpunkt?;Kelvin-Skala;
9;Welchen Spitznamen hatte Georg Schwarzenbeck, der langjährige Vorstopper von Bayern München?;Katsche;
9;Welcher amerikanische Filmstar spielt in Wim Wenders Der Himmel über Berlin sich selbst?;Peter Falk;
9;Welcher dieser Festspielorte ist für seine Seebühne bekannt?;Brgenz;
9;Welcher Herrscher mußte in der Völkerschlacht von Leipzig 1813 eine Niederlage einstecken?;Napoleon I.;
9;Welcher Kunstrichtung gehörten die Maler Salvador Dali und Max Ernst an?;Surrealismus;
9;Welcher Sänger will so lange schwarze Kleidung tragen, bis es kein Unrecht mehr auf der Welt gibt?;Johnny Cash;
9;Welcher Schriftsteller verbirgt sich hinter dem Pseudonym Richard Bachmann?;Stephen King;
9;Welcher Spieler wurde zu Deutschlands Fußballer des Jahres 2000 gewählt?;Oliver Kahn;
9;Welches dieser Länder gehört nicht zu den La-Plata Staaten?;Bolivien;
9;Welches Ereignis, das am 23.Mai 1618 stattfand gilt als Auslöser des Dreißigjährigen-Krieges?;Prager Fenstersturz;
9;Welches Getränk verlieh den griechischen Göttern Unsterblichkeit?;Nektar;
9;Welches ist das leichteste chemische Element?;Wasserstoff;
9;Welches Schiller Drama endet mit den Worten Dem Manne kann geholfen werden?;Die Räuber;
9;Welches Zeichen vor einer Note signalisiert in der Musik die Erhöhung um einen Halbton?;Kreuz;
9;Wem unterlag Boris Becker im Wimbeldon Finale von 1991?;Michael Stich;
9;Wer gründete 1635 die Academie francaise?;Richelieu;
9;Wer ist der Titelheld des Filmklassikers Mein Freund Harvey von 1950?;Riesenhase;
9;Wer schrieb das Drama Endspiel?;Samual Beckett;
9;Wer spielte in Lola rennt den Freund, für den sich Lola so beeilt?;Moritz Bleibtreu;
9;Wer wurde am 12. August 2000 50 Jahre alt?;Iris Berben;
9;Wie heißt das berühmte lebende Fossil, das 1938 vor der südafrikanischen Küste entdeckt wurde?;Quastenflosser;
9;Wie heißt das südlichste Bundesland Österreichs?;Kärnten;
9;Wie heißt der höchste Berg des Hunsrück?;Erbeskopf;
9;Wie heißt die Bühnenfigur, durch die der Pantomime Marcel Marceau berühmt wurde?;Bip;
9;Wie heißt die nördlichste Hauptstadt der Welt?;Reykjavik;
9;Wie hieß der 1997 gestürzte Diktator von Zaire, der heutigen Demokratischen Republik Kongo?;Mabuto Sese-Seko;
9;Wie nennt man auf billigem Papier gedruckte Kriminal-, Horror- und Fantasyromane?;Pulp Fiction;
9;Wie nennt man die Händler, die in Paris entlang der Seine Bücher verkaufen?;Bouquinisten;
9;Wie nennt man in Österreich den Vorsitzenden einer Landesregierung?;Landeshauptmann;
9;Wo arbeitet Carmen aus der gleichnamigen Oper von Georges Bizet?;Zigarettenfabrik;
9;Wo entdeckte man 1868 fünf menschliche Skelette aus der Jungsteinzeit?;Cro-Magnon;
9;Wo verloren die Serben 1389 eine entscheidende Schlacht gegen die Türken?;Amselfeld;
10;Ab welcher Sichtweite darf ein Autofahrer seine Nebelschlussleuchte nicht mehr verwenden?;50 Meter;
10;An welchem Feiertag beginnt in den abendländischen Kirchen das Kirchenjahr?;Erster Advent;
10;Auf welcher Insel schreib Hoffmann von Fallersleben das Deutschlandlied?;Helgoland;
10;Aus wievielen Zeilen besteht ein Limerick in der Regel?;Fünf  ;
10;Bei welchem Verein gab Carsten Jancker sein Debüt in der Fußball-Bundesliga?;1.FC Köln;
10;Bei welcher Temperatur ist der so genannte absolute Nullpunkt erreicht?;-273,15°C;
10;Der Gott Hephaistos ist in der griechischen Mythologie zuständig für Feuer und ...?;Schmiedekunst;
10;In welchem dieser Filme spilete Jack Nicholson nicht mit?;Titanic;
10;In welchem europäischen Land fließt ein Fluss namens Leba?;Polen;
10;In welchem Land liegt der Etoscha-Nationalpark?;Namibia;
10;Mit welchem Körperteil beschäftigt sich ein Laryngologe?;Kehlkopf;
10;Mit welchem lateinisschen Begriff wird die 7.Schulklasse bezeichnet?;Quarta;
10;Mit welcher Sprache ist das Ungarische verwandt?;Finnisch;
10;Um was für ein tier handelt es sich bei der Gemüseeule?;Schmetterling;
10;Unter wem weurde Borussia Mönchengladbach 1970 erstmals Deutscher Fußballmeister?;Hannes Weisweiler;
10;Was bedeutet der lateinische Begriff Redemptor in der Religionswissenschaft?;Erlöser;
10;Was für ein Landsmann war der Dichter Henrik Ibsen?;Norweger;
10;Was gründete Robert Baden-Powell im Jahre 1907?;Pfadfinder;
10;Was ist eines der Symptome der so genannten Schaufenster-Krankheit?;Hinken;
10;Was ist Kalakukko?;Fischpastete;
10;Was möchte der Comic-Held Isnogud unbedingt werden?;Kalif ;
10;Was versteht man im Küchenjargon unter einer Farce?;Füllung;
10;Was war Johann Gutenbergs Innovation beim Buchdruck?;bewegliche Lettern;
10;Welche der folgenden Krankheiten wird nicht durch Viren ausgelöst?;Tuberkulose;
10;Welche deutsche Stadt verbirgt sich hinter der französischen Bezeichnung Aix-la-Chapelle?;Aachen;
10;Welche dieser Persönlichkeiten war nicht jüdischen Glaubens?;Isaac Newton;
10;Welche Organisation bilden die Salutisten?;Heilsarmee;
10;Welche Stadt trug bei ihrer Gründung im Jahre 1950 den Namen Stalinstadt?;Eisenhüttenstadt;
10;Welche Tage eines Jahres bezeichneten die Römer als Kalenden?;1. Tag des Monats;
10;Welchem Herrschergeschlecht gehörten die deutschen Kaiser der Jahre 1871 bis 1918 an?;Hohenzollern;
10;Welchen Teil des Körpers kann ein Arzt mit einem Laparoskop betrachten?;Bauchhöhle;
10;Welcher afrikanische Staat hat Accra zur Hauptstadt?;Ghana;
10;Welcher der folgenden Künstler wurde nicht in der Schweiz geboren?;Caterina Valente;
10;Welcher dieser afrikanischen Staaten besitzt keine Meeresküste?;Malawi;
10;Welcher dieser Schriftsteller wird nicht der so genannten Beatgeneration zugerechnet?;Jack London;
10;Welches Land regierte Stanislaus I.?;Polen;
10;Welches Stockwerk wurde früher bei Wohnhäuser als Beletage bezeichnet?;1. Stock;
10;Wer schrieb Das Prinzip Hoffnung?;Ernst Bloch;
10;Wer schrieb den Gedichtband: Die Blumen des Bösen?;Baudelaire;
10;Wer schrieb den Kriminalroman Der Malteser Falke?;Dashiell Hammett;
10;Wer schuf die Gemälde Der Mann mit Melone und Der bedrohte Mörder?;Rene Magritte;
10;Wer verhieß dem englischen Vole am 13. Mai 1940 Blut, Schweiß und Tränen?;Winston Churchill;
10;Wie heißt das Streichquartett, das die Songs von Metallica nachspielt?;Apocalyptica;
10;Wie heißt der Baseballtrainer aus der 80er-Jahre-TV-Serie Die Bären sind los?;Buttermaker;
10;Wie heißt der höchste Berg der Eifel?;Hohe Acht;
10;Wie heißt der Hund, der zusammen mit Herrn Rossi in der TV-Zeichentrickserie das Glück sucht?;Gastone;
10;Wie heißt der mit einer überlangen Zunge gesegnete Bassist der Band Kiss?;Gene Simmons;
10;Wie heißt die flächenmäßig größte Provinz Kanadas?;Quebec;
10;Wie hieß das sowjetische Überschallverkehrsflugzeug?;Tupolew Tu-144;
10;Wie lautet der heutige Name der Stadt, die die Römer Mogontiacum nannten?;Mainz;
10;Wie lautet die hebräische Form des Namens Maria?;Mirjam;
10;Wie lautet Roy Blacks bürgerlicher Name?;Gerhard Höllerich;
10;Wie nennt man die Malerei an bayrischen und Tiroler Hausfassaden?;Lüftlmalerei;
10;Wie vielen Kilometern entspricht eine Seemeile?;1,852;
10;Wo findet man Europas einzige frei lebende Affen?;Gibraltar;
10;Wo liegt das Franz-Josef-Land?;in der Arktis;
10;Wovon ernähren sich Seidenspinnerraupen, die Produzenten von Naturseide?;Maulbeerblätter;
10;Zu welchem Staat gehören die Galapagosinseln?;Ecuador;
10;Zu welchem Staatsgebiet zählen die Mittelmeer-Inseln Gozo und Comino?;Malta;
10;Zu welcher Tierfamilie gehört der Vielfraß?;Marder;
11;Auf welcher Wegstrecke reiste der Mann, der vom barmherzigen Samariter gerettet wurde?;Jerusalem-Jericho;
11;Aus wie vielen Spielern besteht eine Feldhockeymannschaft?;elf;
11;Die Nationalflagge welchen Landes sieht aus wie die niederländische?;Luxemburg;
11;In welcher Region wurde der Chansonier Jacques Brel geboren?;Flandern;
11;In welcher Stadt befindet sich das Grab des Gotenkönigs Theoderich des Großen?;Ravenna;
11;In welcher Stadt war der heilige Nikolaus, dessen Namenstag am 6.Dezember gefeiert wird, Bischof?;Myra;
11;Mit welchem Gerät kann man kleinste Strahlungsmengen im Bereich von Mikrowellen messen?;Bolometer;
11;Unter welchem Pseudonym wurde die Filmschauspielerin Margarita Carmen Cansino berühmt?;Rita Hayworth;
11;Was entdeckte der Hamburger Kaufmann Henning Brand bei dem Versuch Gold aus Urin zu gewinnen?;Phosphor;
11;Was ist der Kernbeißer für ein Tier?;Vogel;
11;Was ist ein Angström?;0,1 Nanometer;
11;Was ist ein Flughahn?;Fisch ;
11;Was ist ein Lorgnon?;Brille;
11;Was ist ein Makkabi?;jüdischer Sportverein;
11;Was ist ein Manul?;Katzenart;
11;Was ist ein Schlemihl?;Pechvogel;
11;Was ist Mädesüß?;Rosengewächs;
11;Was muss man unbedingt mitnehmen, wenn man im August nach Neuschwabenland fährt?;warme Kleidung;
11;Was sind in Thüringen die Drei Gleichen?;Burgen;
11;Welche Inselgruppe ist noch heute eine britische Kronkolonie?;Bermudas;
11;Welchem Beruf ging der Fallbeil-Erfinder Guillotin nach?;Arzt;
11;Welchen Beruf erlernte Erich Honecker in seiner Jugend?;Dachdecker;
11;Welchen Spitznamen hat die Rock ´n´ Roll-Legende Jerry Lee Lewis?;Killer;
11;Welcher der folgenden Komponisten gehörte nicht der legendären Wiener Musikerfamilie Strauß an?;Richard;
11;Welcher Schriftsteller schrieb den Roman Sansibar oder der letzte Grund?;Alfred Andersch;
11;Welcher von diesen vieren ist kein New Yorker Stadtbezirk?;Haarlem;
11;Welches dieser Tiere ist eine bizarr-groteske Gestalt in Stücken der englischen Komödie?;Pickelhering;
11;Welches Filmplakat zeigt den Bauch einer Frau und eine Hand mit einer Rose?;American Beauty;
11;Welches geheimnisvolle Tier versucht Pu der Bär in einer Grube zu fangen?;Heffalump;
11;Welches Material ist für die Jurten genannten Rundzelte der mittelasiatischen Nomaden typisch?;Filz;
11;Wer schrieb den Roman Jahrmarkt der Eitelkeiten?;William Thackeray;
11;Wer schrieb die Eric Clapton-Hits After Midnight und Cocaine?;J.J. Cale;
11;Wer schrieb Ende des 18. Jahrhunderts den Briefroman Hyperion?;Hölderlin;
11;Wer spielt in dem Film King of Comedy den Komiker Jerry Langford?;Jerry Lewis;
11;Wer von diesen vieren ist ein Eisvogel?;Lachender Hans;
11;Wer war in der griechischen Mythologie der Vater der Musen?;Zeus;
11;Wessen Autobiographie trägt den Titel ... Und kein bisschen weise?;Curd Jürgens;
11;Wessen Stärke wird durch das Elo-System gemessen?;Schachspieler;
11;Wie bezeichnet man ein Gemälde, das als Dank für ein erhörhtes Gebet gestiftet wird?;Votivbild;
11;Wie bezeichnet man einen Provinzstatthalter im alten Persien?;Satrap;
11;Wie heißt das Gebiet zwischen Böhmen und der Slowakei?;Mähren;
11;Wie heißt der Clown, der durch seine Seifenblasen-Nummer im Circus Roncalli berühmt wurde?;Pic ;
11;Wie heißt der Diktator, den Charlie Chaplin in seinem Film Der große Diktator darstellt?;Adenoid Hynkel;
11;Wie nennt man die altägyptischen Papyrusrollen, die man Verstorbenen als Hilfe ins Jenseits mitgab?;Totenbücher;
11;Wie nennt man die in den 60er Jahren in Lateinamerika entstandene, sotial engagierte Theologie?;Befreiungstheologie;
11;Wieviele Einsätze hatte Sepp Herberger als aktiver Spieler in der deutschen Nationalelf?;drei ;
11;Wo sitzt die Wissenschaftliche Gesellschaft zur Förderung der Parapsychologie?;Freiburg;
11;Wo tauchte 1828 ein junger Mann auf, der später Kaspar Hauser genannt wurde?;Nürnberg;
11;Wo wurde Roberto Blanco geboren?;Tunis;
12;Aus welchem Land stammt der dem deutschen Eulenspiegel vergleichbare Nasreddin Hodscha?;Türkei;
12;Aus welchem Land stammt die Fluglinie VARIG?;Brasilien;
12;Den Namen welches Shakespeare-Dramas wagen abergläubische Theaterleute nicht auszusprechen?;Macbeth;
12;In welchem Akt eines Balletts steht nicht die Handlung, sondern der Tanz im Vordergrund?;Weißer Akt;
12;In welchem Land wurde 1971 die Umweltorganisation Greenpeace gegründet?;Kanada;
12;In welchem Land wurde die Schriftstellerin Doris Lessing geboren?;Iran;
12;In welcher Stadt residierte Napoleon Bonapartes Bruder Jerome als König von Westfalen?;Kassel;
12;In welcher Stadt starb Georg Friedrich Händel im Jahre 1759?;London;
12;Mit welchem Begriff wird in der Biologie die individuelle Entwicklung bezeichnet?;Ontogenese;
12;Über welchen Modeschöpfer drehte Wim Wenders 1989 einen Dokumentarfilm?;Yoji Yamamoto;
12;Unter welchem Namen wurde eine Schweizer Lokomotive aus den 20-Jahren berühmt?;Krokodil;
12;Von welchem Zeichner stammt die Comic-Figur Gaston Lagaffe?;Franquin;
12;Was bedeutet das Wort Kegel in der Redewendung mit Kind und Kegel?;uneheliches Kind;
12;Was bedeutet der malaiische Ausdruck Orang-Utan?;Waldmensch;
12;Was ist ein Judasohr?;Pilz;
12;Was ist ein Vademekum?;praktischer Ratgeber;
12;Was passiert in einer Tragödie, wenn von Peripetie die Rede ist?;Handlungsumschwung;
12;Welche dieser Frauen erhielt keinen Nobelpreis?;Indira Ghandi;
12;Welche dieser Persönlichkeiten war kein Architekt?;Louis J. Deguerre;
12;Welche dieser Redewendungen stammt aus dem Stück König Lear von Shakespear?;Last, not least;
12;Welche Stadt am Teutoburger Wald hat die Sparrenburg zum Wahrzeichen?;Bielefeld;
12;Welche Tiere töten in der griechischen Mythologie den Priester Laokoon?;Schlangen;
12;Welche Zahl entspricht der mathematische Ausdruck 4!?;24;
12;Welchem Club wurde aus ethischen und moralischen gründen vom DFB untersagt, für Kondome zu werben?;FC Homburg;
12;Welcher der folgenden Schriftsteller stammt nicht aus Lateinamerika?;Garcia Lorca;
12;Welcher dieser Herren gehört nicht zum Typenkanon der Commedia dell´ Arte?;Casanova;
12;Wer gehörte nicht zu den Beach Boys?;Harold Wilson;
12;Wer gründete 1933 das Theater der Grausamkeit?;Antonin Artaud;
12;Wer rammte sich beim Dirigieren den Taktstock in den Fuß und starb darauf an einer Blutvergiftung?;Jean-Baptist Lully;
12;Wer schrieb das Hörspiel Unter dem Milchwald?;Dylan Thomas;
12;Wer überquerte als Erster nonstop im Flugzeug den Atlantischen Ozean?;Alcock / Whitten-Brown;
12;Wie bezeichnet man ein Buch, das Teil eines mehrbändigen Werkes ist?;Volumen;
12;Wie heißt der Ehemann der Comic-Heldin Blondie?;Dagwood;
12;Wie heißt der Verbrecherkönig, der von Pater Brown auf den rechten Weg gebracht wird?;Flambeau;
12;Wie heißt der westliche Teil der arabisch-islamischen Welt?;Maghreb;
12;Wie hieß der Sänger von Foyer des Arts?;Max Goldt;
12;Wie lautet der Titel des ersten Romans von Hermann Hesse?;Peter Carmenzind;
12;Wie nennt man in der Lexikographie ein Stichwort in einem Nachschlagewerk?;Lemma;
12;Zu einem der berühmtesten Pärchen des Mittelalters wurden Pierre Abelard und seine Schülerin ...?;Heloise;
13;Wir kennen deine Stimme, wir kennen dein Gesicht, darum mögen wir dich nicht, hieß es in ...?;Das Lied von Manuel;
13;Auf welchem Album von Frank Zappa erschien der Song Bobby Brown?;Sheik Yerbouti;
13;Auf welchem Planeten findet man den Großen Roten Fleck, einen gigantischen Wolkenwirbel?;Jupiter;
13;Aus welchem Unternehmen ging die berühmte englische Versicherung Lloyd`s hervor?;Kaffeehaus;
13;Bei welchem dieser Filme führte Sylvester Stallone Regie?;Staying Alive;
13;Nach wem benannte sich die Rockgruppe Jethro Tull?;Schriftsteller;
13;Von wem stammen legendäre Alben wie Birth of Cool, Kind of Blue oder Bitches Brew?;Miles Davis;
13;Was ist Grauwacke?;Gesteinsart;
13;Was kann ein Kontimeter feststellen?;Staubgehalt der Luft;
13;Was wurde nach John Baskerville benannt?;Kursivdruckschrift;
13;Welche chemischen Verbindungen setzen sich aus Wasser und zwei verschiedenartigen Salzen zusammen?;Alaune;
13;Welche Familie riss 1277 die Macht in Mailand an sich?;Visconti;
13;Welchem Beruf ging Theodor Fontane nach, bevor er sich der Schriftstellerei widmete?;Apotheker;
13;Welcher Kontinent ist die Heimat des Kaffebaums?;Afrika;
13;Welcher Zehnkämpfer gewann bei den Olympischen Spielen 1984 die Bronzemedaille?;Siggi Wentz;
13;Welches dieser heute unabhängigen Länder gehörte früher nicht zu Britisch-Ostafrika?;Botswana;
13;Wem gelang der experimentelle Nachweis, dass ein Vakuum künstlich herstellbar ist?;Otto von Guericke;
13;Wer komponierte den Evergreen Adieu, mein kleiner Gardeoffizier?;Robert Stoltz;
13;Wer wurde einst als Volk der Lachen bekannt?;Polen;
13;Wie heißt die alljährlich in Dortmund stattfindende Jugendmesse?;You;
13;Wie heißt die Gegend um Recklinghausen?;Vest;
13;Wie lautet das Pseudonym des Malers und Graffiti-Sprayers Jean-Michel Baptiste?;Samo;
13;Wie lautet Zorros bürgerlicher Name?;Diego de la Vega;
13;Wo leben nach der griechischen Mythologie die Dryaden?;auf Bäumen;
13;Womit beschäftigt sich ein Onomastiker?;Namenskunde;
14;Der 1978 wegen seiner liberalen Politik ermordete Bürgermeister von San Fransisco hieß ...?;George Moscone;
14;Hinter welchem dieser Begriffe versteckt sich eine Wissenschaftsgemeinschaft?;Blaue Liste;
14;In welchem Land herrschte im 14. Jahrhundert Johann der Blinde?;Böhmen;
14;Von wem stammte das Kabarett-Programm Heute komm´ ich mal mit mein Bein?;Dr. Lutger Stratmann;
14;Was entdeckten die Chemiker Fahlberg und Remsen bereits 1879?;Saccharin;
14;Welche antike Stadt glaubt ein Franzose im Frühjahr 2000 auf dem Meeresgrund entdeckt zu haben?;Herakleion;
14;Welche dieser Inseln gehört zu den Pityusen?;Ibiza;
14;Welche vom Innenohr ausgelösten Reflexe, dienen der Erhaltung des Gleichgewichts?;Vestibularreflex;
14;Welchen Schalker Spieler biss 1969 im Dortmunder Stadion Rote Erde ein Hund in den Allerwertesten?;Friedel Rausch;
14;Welcher deutsche Schlagersänger führte 1980 Regie bei dem Film Die Todesgöttin des Liebescamps?;Christian Anders;
14;Welches Autorenduo schrieb die Erzählung Papa Hamlet?;Holz-Schlaf;
14;Welches Stück endet mit: Nun gute Nacht! Das Spiel zu enden, begrüßt uns mit gewogenen Händen!?;Sommernachtstraum;
14;Wer schrieb ein Werk über die Deutung des Charakters eines Menschen aus dessen Gesichtsform?;Johann Lavatar;
14;Wie bezeichnen Kernphysiker die Protonen- oder Neutronenzahlen 2,8,20,28,50,82 und 126?;Magische Zahlen;
14;Wie bezeichnet man in der Juristensprache den Zusatz ohne Gewähr?;Angstklausel;
14;Wie heißt der abgeschlossene Raum einer Moschee, in dem islamische Herrscher Platz nehmen?;Maksura;
14;Wie heißt der einzige Sohn von Gina Lollobrigida?;Miko;
14;Wie heißt die Hauptfigur des traditionellen, volkstümlichen türkischen Figurentheaters?;Karagöz;
14;Wie hieß der 1630 verstorbene Komponist, der auch Fürst von Venosa war?;Carlo Gesualdo;
14;Wo hat die älteste noch bestehende mathematische Gesellschaft ihren Sitz?;Hamburg;
15;Auf welcher isländischen Insel liegt der Ort Vestmannaeyjar?;Heimaey;
15;Mit welcher seiner Lebensgefährtinnen hatte Pablo Picasso die Kinder Claude und Paloma?;Francoise Gilot;
15;Von welchem Pionier des Spielfilms stammt der 1902 entstandene Trickfilm Die Reise zum Mond?;Georges Meliese;
15;Was bot ein amerikanischer Lebensmittelhändler am 6. Juni 1930 weltweit zum ersten Mal an?;Tiefkühlkost;
15;Was ist die Aufgabe eines Thanatopraktikers?;Leichen herrichten;
15;Was ist laut dem Philosophen Martin Heidegger die Essenz der Technologie?;Das Gestell;
15;Was stellen die zwei chinesischen Schriftzeichen des Wortes hao dar, das gut bedeutet?;Dach und Frau;
15;Welcher Berliner Stadtbezirk hieß früher Rixdorf?;Neukölln;
15;Welcher britische Dichter verfasste ein Poem über den schwebenden Palast des Kublai Khan?;Samuel Coleridge;
15;Welcher der folgenden Namen bezeichnet keinen israelitischen Stamm des Alten Testaments?;Moab;
15;Welcher dieser Torhüter erzielte kein Tor in der Ersten Fußball-Bundesliga?;Toni Turek;
15;Wer spielte 1971 die Hauptrolle in dem Siegfried und das sagenhafte Liebesleben der Nibelungen?;Raimund Harmstorf;
15;Wo steht :Lass deinen Mund sein wie guter Wein und Dein Schoß ist wie ein runder Becher?;Hohelied Salomos;
15;Woher stammt die Sportart Fierljeppen, bei der man mit einem Stab über einen Kanal springt?;Niederlande;
